"artigo";"AM";"DP";"DN";"IC";"ME";"NE";"NI";"TE";"VR"
"A Comparative Study on Task Dependent Scheduling Algorithms for Grid Computing.pdf";0;3;0;0;11;0;0;4;0
"A Database for Reproducible Computational Research.pdf";0;0;0;0;0;0;0;57;0
"Adaptive Parallel Approaches for GPU-Based Reencryption Applied in Scalable Proxy Servers for Protected Video Distribution.pdf";0;0;0;0;3;0;0;14;0
"Addressing Data-Intensive Computing Problems with the Use of MapReduce on Heterogeneous Environments as Desktop Grid on Slow Links.pdf";0;0;1;0;4;0;0;13;0
"Analysing the Impact of MPI-2 Dynamic Process Creation to the Game of Life Problem.pdf";0;4;0;0;8;0;0;12;0
"CPB-ARM -- A New Code Compression Method for Embedded Systems.pdf";0;0;0;0;5;0;0;9;0
"Compressing Variable-Length Instruction Traces.pdf";0;0;0;0;7;0;0;8;0
"Connection Mechanisms of CCA Components for Parallel Applications.pdf";2;0;0;0;1;0;0;2;0
"Design and Implementation of the PBIW Instruction Decoder in a Softcore Embedded Processor.pdf";0;0;0;0;13;0;0;17;0
"Different Approaches for QoS-Aware Web Services Composition Focused on E-Commerce Systems.pdf";0;0;0;3;2;0;0;45;0
"DistributedCL A Framework for Transparent Distributed GPU Processing Using the OpenCL API.pdf";0;0;0;2;1;0;0;13;0
"Empirical Analysis of Multicore CPU and GPU-Based Parallel Solutions to Sustain Throughput Needed by Scalable Proxy Servers for Protected Videos.pdf";0;0;0;0;1;0;0;17;0
"Energy Consumption on Software Transactional Memories.pdf";0;0;0;0;5;0;0;3;0
"Exploring Dynamic Program Behavior with Frames and Phases.pdf";0;0;0;1;15;0;0;5;1
"Exploring Multi-level Parallelism in Atmospheric Applications.pdf";0;0;0;0;1;0;0;17;0
"GPU Optimization Techniques Applied to Scale Free Gene Regulatory Networks Based on Threshold Function.pdf";0;0;0;0;1;0;0;11;0
"Implementing a Spontaneous Social Network for Managing Ubiquitous Interactions.pdf";0;1;0;0;1;0;0;11;0
"Improving the Quality of Service of Fault Detection in Distributed Platforms under Adverse Network Conditions.pdf";0;1;0;0;11;0;0;14;0
"Improving the Scalability of an Operational Scientific Application in a Large Multi-core Cluster.pdf";0;0;0;0;0;0;0;0;0
"Integration of Cloud Services in Support to Tests- Simulations and Knowledge Dissemination with Cluster Environments.pdf";0;0;0;0;0;0;0;9;0
"Multiagent Systems Modeling Using GPUs -- A Case Study of the Human Immune System.pdf";0;0;0;0;1;0;0;15;0
"Optimizing_Simulation_in_Multiprocessor_Platforms_Using_Dynamic-Compiled_Simulation.pdf";0;1;0;0;10;0;0;42;0
"Performance Evaluation of Virtual Machine Monitors for Cloud Computing.pdf";0;1;0;0;3;0;0;35;0
"Performance Evaluation of Virtualization Technologies for Databases in HPC Environments.pdf";0;0;0;1;3;0;0;18;0
"Problem Oriented Approach to Hardware-Assisted Algorithm Design in C A Case Study for Scheduling- Placement and Routing.pdf";0;0;0;0;3;0;0;4;0
"U-Ductor A Model for Supporting Ubiquitous Chronic Disease Care Management.pdf";0;0;0;0;0;0;0;3;0
"Unpopular Addresses Should Not Pollute the Cache.pdf";0;0;0;0;5;0;0;4;0
"Work Stealing on Hybrid Architectures.pdf";0;0;0;0;1;0;0;19;0
