"artigo";"PV";"AN";"CH";"TC";"FI";"KR";"TT";"TU"
"A Model of Autonomous Control of the Adaptation to the Context in UbiComp.pdf";0;0;0;0;0;0;0;0
"A Model to Explore Business Opportunities in Ubiquitous Environments.pdf";0;0;0;0;0;0;0;0
"A Proposal of Parallelization of Local Search Procedures Applied to the Minimum Cost Hop-and-Root Constrained Forest Problem.pdf";0;0;0;0;0;0;0;0
"A Quantum Circuit for the Brazilian Decimetric Array -BDA- Signal Correlation.pdf";1;0;0;0;0;0;0;0
"Advanced SS A Superscalar Simulator with Support for Operating System.pdf";0;0;0;0;0;0;0;0
"An Architecture with Support Semantic for Discovery Resources in Ubiquitous Computing.pdf";0;0;0;0;0;0;0;0
"D-Power A VHDL Dynamic Power Estimation Tool for Superscalar Architectures - Cache Hierarchy and Fetch Stage.pdf";0;0;0;0;0;0;0;0
"Distributed Quantum Simulation on the VPE-qGM Environment.pdf";0;0;0;0;0;0;0;0
"Hardware Accelerator for Dictionary-Based Compression of MMP Algorithm.pdf";1;0;0;0;0;0;0;0
"Implementation of Techniques for Fault Tolerance in a Network-on-Chip.pdf";0;0;0;0;0;0;0;0
"Improving Ray Tracing Anti-aliasing Performance through Image Gradient Analysis.pdf";0;0;0;0;0;0;0;0
"Influence of Communication Models on the Scalability of Master-Slave Platforms Running Bag-of-Tasks Applications.pdf";0;4;0;0;0;0;0;0
"NSGAII Applied to Unified Second Level Cache Memory Hierarchy Tuning Aiming Energy and Performance Optimization.pdf";0;0;0;0;0;0;0;0
"Optimizing a Retargetable Compiled Simulator to Achieve Near-Native Performance.pdf";0;0;0;0;0;0;1;0
"Parallel Routing Algorithm for Extra Level Omega Networks on Reconfigurable Systems.pdf";0;0;0;0;0;0;0;0
"Process Mapping Based on Memory Access Traces.pdf";0;0;0;0;0;0;0;0
"Scheduling Strategies Evaluation for Opportunistic Grids.pdf";0;0;0;0;0;0;0;0
"ShareD-GM Distributed Memory Architecture for the D-GM Environment.pdf";0;0;0;0;0;0;0;0
"Simulation of the Foreground-Background Queue in Parallel Systems.pdf";0;0;0;0;0;0;0;0
"Ubiservices A Connectivity Model to Ubiquitous Environments.pdf";0;0;0;0;0;0;0;0
